-0.199242,0.970846,-0.133222,0.308769,-0.403509,-0.185931
-0.196161,0.970979,-0.136779,0.18165,-0.273927,0.826369
-0.187682,0.968672,-0.162597,0.14276,-0.089049,0.797439
-0.184235,0.9692,-0.163394,-0.104721,0.366387,0.133701
-0.189598,0.973367,-0.128833,-0.604607,1.051337,-0.262998
-0.19028,0.974686,-0.117335,-0.333753,0.077896,-0.32404
-0.180292,0.972955,-0.144366,-0.39649,0.58718,-0.158979
-0.175165,0.971154,-0.161756,0.085016,0.20629,0.643613
-0.169982,0.967796,-0.185646,0.157226,-0.103935,0.504448
-0.168874,0.966777,-0.191866,0.177633,-0.230311,0.498736
-0.171256,0.968482,-0.18084,0.290565,-0.375983,0.366525
-0.174456,0.971584,-0.159928,0.474123,0.041294,-0.281173
-0.168434,0.976445,-0.134804,0.277611,0.469249,-0.877662
-0.156178,0.978058,-0.137833,-0.025172,-0.014893,-0.122955
-0.152936,0.977225,-0.147068,0.034025,-0.127494,-0.25494
-0.154031,0.976212,-0.152555,0.120782,-0.11142,-0.442232
-0.151414,0.972744,-0.175589,0.133958,0.043385,-0.391657
-0.145539,0.967248,-0.207938,0.132493,0.094092,-0.354562
-0.138633,0.959023,-0.247073,-0.086175,0.106239,-0.202253
-0.129259,0.947953,-0.290976,-0.096616,0.075301,0.127768
-0.122146,0.932817,-0.339004,-0.058945,0.126128,0.400756
-0.119068,0.914604,-0.38641,-0.056896,0.226127,0.560589
-0.096527,0.907999,-0.407691,0.190537,0.455023,0.753623
-0.090908,0.90236,-0.421276,-0.226109,0.068496,0.398617
-0.085868,0.89719,-0.433207,0.050589,0.307278,0.668956
-0.076629,0.902495,-0.423818,-0.186265,0.529481,0.39713
-0.053151,0.917376,-0.394446,-0.184413,-0.076357,0.147452
-0.031114,0.932104,-0.360838,-0.294951,-0.251379,0.144575
-0.022784,0.94355,-0.33043,-0.406202,-0.384163,0.137819
-0.029521,0.953747,-0.299139,-0.371129,-0.582791,0.206991
-0.04957,0.963233,-0.264033,-0.332754,-0.593833,0.154841
-0.076698,0.970613,-0.228068,-0.303948,-0.608706,0.132838
-0.110241,0.973766,-0.199033,-0.147999,-0.14236,-0.344042
-0.147636,0.974222,-0.170537,0.003929,-0.011453,-0.399028
-0.170256,0.975738,-0.137608,0.272307,0.107469,-0.361919
-0.18584,0.975995,-0.113512,0.579684,-0.012143,-0.57086
-0.198673,0.97476,-0.101779,0.503406,-0.10539,-0.453306
-0.207304,0.9734,-0.097487,0.486173,-0.199444,-0.381365
-0.20709,0.973603,-0.095905,-0.134646,0.045852,-0.686169
-0.194047,0.974081,-0.116189,-0.18022,0.230662,-9.9e-05
-0.184591,0.966955,-0.175817,-0.61915,0.987894,-0.074641
-0.187514,0.964949,-0.183573,-0.703752,1.121507,0.050715
-0.191998,0.964743,-0.179985,-0.049228,0.454736,0.806663
-0.184556,0.961947,-0.201458,0.089631,0.345258,0.017681
-0.179551,0.962843,-0.201701,0.135362,0.407107,0.285807
-0.173658,0.964977,-0.196599,0.098905,0.329747,0.322377
-0.16553,0.966952,-0.193887,-0.058469,0.025907,0.3583
-0.160373,0.969968,-0.182837,-0.04324,-0.10333,0.128516
-0.15916,0.973689,-0.16305,-0.017903,-0.158747,0.009882
-0.160398,0.977043,-0.140162,0.099775,0.015846,-0.299825
