-0.228515625,-0.927978515625,-0.218017578125,-0.54931640625,3.204345703125,4.486083984375
-0.231021803252551,-0.937973333864796,-0.196064851721939,-0.418526785714286,0.480184749681123,4.12111866230867
-0.226198780293367,-0.938920001594388,-0.209238480548469,0.451535594706632,-4.93575115593112,4.16346958705357
-0.229517099808673,-0.934361049107143,-0.212003746811224,3.48647759885204,-4.67977718431122,3.50703025350765
-0.241479990433673,-0.933334661989796,-0.235376474808673,6.33146324936224,-2.57593271683674,0.731176259566327
-0.239860690369898,-0.936453683035714,-0.246527224170918,6.66964783960459,-0.761693837691326,-0.587307676977041
-0.23591458067602,-0.933982382015306,-0.253597337372449,4.21391701211735,-2.24397620376276,-0.177500199298469
-0.242047991071429,-0.933244977678571,-0.239606584821429,2.18418666294643,-2.86865234375,1.19454520089286
-0.254050741390306,-0.926932198660714,-0.236377949617347,1.54705436862245,-2.61454679528061,0.419149593431123
-0.24715501434949,-0.92732083067602,-0.219831194196429,1.6410983338648,-1.45737005739796,0.436588209502552
-0.241076411033163,-0.935193120216837,-0.214619539221939,2.92595065369898,-1.44429109534439,1.77936164700255
-0.233034717793367,-0.921665736607143,-0.19914401307398,3.62847775829082,-1.62179129464285,2.9838717713648
-0.225825095663265,-0.921760403380102,-0.192203443877551,3.92182019292092,-6.69829699457908,2.85432776626275
-0.233328683035714,-0.915417729591837,-0.186712771045918,5.39164640465561,-10.4762486049107,2.48437998246173
-0.242117745535714,-0.916852678571429,-0.187709263392857,8.96780831473214,-10.4631696428571,1.92696707589286
-0.238186583227041,-0.912527901785714,-0.187569754464286,12.169039979273,-9.00517677774235,2.42708167251276
-0.244658801020408,-0.907470703125,-0.196069834183673,14.7561832350128,-7.91962292729592,3.2603983976403
-0.250338807397959,-0.903051259566326,-0.191162109375,16.2559042171556,-6.84901646205357,4.12360989317602
-0.251853475765306,-0.898661710778061,-0.190190529336735,17.4535634566327,-4.9693827726403,6.44356863839286
-0.253612284757653,-0.910529934630102,-0.180265465561225,18.7845035475128,-1.19579081632654,9.41373863998724
-0.226841517857143,-0.919010084502551,-0.179792131696429,18.4419593032525,1.37889628507653,11.9759695870536
-0.221156529017857,-0.888671875,-0.180036272321429,16.845703125,8.54056222098216,16.4882114955357
-0.0973074776785716,-0.674391143176021,-0.184311224489796,7.11495535714288,10.8144331951531,30.8289819834183
-0.0863161670918367,-0.442761479591837,-0.211420798788265,2.83439791932398,1.38450155452806,54.0422712053571
-0.230971978635204,-0.522729990433674,-0.248654735331633,5.22099709024234,16.529316804847,44.3576112085459
-0.165163624043368,-0.453937141262755,-0.350700534119898,-1.06064154177294,46.7728595344387,15.7377281967475
-0.0324358258928571,-0.213842275191327,-0.571144571109694,-21.7260243941327,130.753497688138,20.8914620535714
0.177804129464286,0.0993552694515314,-0.805170798788266,-78.243333466199,192.517961774554,-2.49932736766593
-0.194335937499999,0.176478794642858,-0.725585937500001,-63.5942731584822,74.4890485491074,-103.036063058036
-1.23215282206633,-0.705845424107143,1.16086874202806,49.5574328364158,-46.7429647640306,-129.880321269133
-1.57159299266581,-4.11113380899235,1.17578623246173,37.2868751992983,38.7479821029962,308.748829121493
-0.309879225127534,0.540138711734687,-0.546008051658164,-89.9963378906255,-146.871761399871,424.47584502551
-1.76212731186224,-0.108846859056119,0.309161750637754,24.7784050143495,-72.748923788267,436.557691924426
-1.93928372130101,-0.120660275829091,-0.97543148118623,-23.2948770328443,-51.3498734454722,274.372957190689
-1.1334153778699,0.565798389668366,-0.19321986607143,104.948082748724,-343.96860550861,194.126674107143
-0.445975167410719,-0.0444335937500024,0.328508649553572,4.89589146205399,-287.061418805805,102.438790457589
-0.193817761479593,0.403081154336735,0.00577965561224399,-101.848368742028,-126.77001953125,86.2171406648596
-0.439483019770408,0.582315250318878,0.0623953683035712,-137.363355986926,-20.3832509566327,13.7048838089924
-0.406519052933673,0.111417809311226,0.646519252232141,-110.821159518495,-174.247897401147,8.90179069674734
-0.3836744658801,0.284085020727042,1.68997628348215,-47.8901765784437,-94.2488689811862,20.1976542570153
-0.392224370216837,0.368084343112245,1.17746033960459,39.238131776148,-24.2757991868623,23.4997807716837
-0.350401586415816,0.346256178252551,0.520283601721939,23.2064383370536,108.253946109694,11.4926707987883
-0.553885323660715,0.40087890625,0.714704241071429,-7.51604352678581,44.459751674107,-11.5705217633929
-0.635448222257653,0.349514708227041,0.862753109056122,-12.5582948022959,7.80253507653062,-1.85970384247449
-0.506287866709184,0.359031210140306,0.753572425063776,-2.42895009566326,-12.9575145487882,5.48444475446428
-0.477688536352041,0.336704799107143,0.776601363201531,-2.48687121332907,7.30927136479599,1.5582649075255
-0.538374920280612,0.360132334183673,0.81159817442602,1.52587890625,16.9110979352679,-0.0448421556122447
-0.535933514030612,0.361039142219388,0.739895567602041,-1.26616808832907,-0.950404575892795,-0.222965162627556
-0.524543606505102,0.369514309630102,0.771967673788265,-2.78208207110969,-7.56586814413266,-0.814009685905615
-0.519775390625,0.364013671875,0.7783203125,-2.44140625,-4.241943359375,-1.28173828125
