-0.252197265625,-0.949462890625,-0.25537109375,-24.169921875,2.227783203125,9.765625
-0.204246053890306,-0.939921476403061,-0.292017099808673,-26.7495914381378,1.05752750318878,8.39980767697704
-0.25056301817602,-0.977175342793367,-0.292211415816327,-30.8893943319515,5.49939213966837,6.42363879145408
-0.187998246173469,-0.980369100765306,-0.357850366709184,-37.3423050860969,1.07745735012755,6.69891980229592
-0.260801977040816,-0.987180125956633,-0.38248365752551,-42.2157754703444,9.2368612484056,9.43304567920918
-0.204689492984694,-0.994499362244898,-0.420205875318878,-51.1213030133929,21.7440858179209,9.72451969068877
-0.23152004942602,-1.00564512914541,-0.396982621173469,-59.4083824936225,1.95499342315051,12.0133380500638
-0.235665457589286,-0.933733258928571,-0.447265625,-64.0607561383928,13.8942173549107,15.6162806919643
-0.193180006377551,-0.839933434311225,-0.403514628507653,-68.7193578603316,2.80014349489795,19.7124870455995
-0.272799744897959,-0.796640824298469,-0.506312779017857,-70.926588408801,23.5240702726403,16.2652463329082
-0.183459223533163,-0.736866230867347,-0.541628467793367,-68.3948750398597,3.14019650829082,19.9148995535714
-0.147191884566327,-0.675666653380102,-0.498002032844388,-85.7083067602041,3.93053950095665,19.294583067602
-0.27181321747449,-0.618587571747449,-0.667096819196429,-90.2242855149873,27.6620047433036,16.2814393335459
-0.011345065369898,-0.413972815688776,-0.872199856505102,-98.9280233577806,63.5774573501275,3.18815270248724
-0.164236886160714,-0.678780691964285,-0.963657924107143,-124.659946986607,123.665945870536,-22.8271484375
0.00379663584183654,-1.14936922034439,-0.736607142857143,-166.591722138074,103.717414700255,-14.4111477598852
0.146728515624999,-1.61680883290816,-0.382458745216838,-190.346231265944,55.2131497130103,30.3637446189413
0.0407067123724481,-1.46196388711735,-0.20443040497449,-228.577905771684,37.8442881058674,42.1534946986607
-0.274812659438774,-0.990343989158163,0.124466876594389,-205.170923349809,-57.7978017378827,86.8287378427934
0.136559311224491,-0.0474629304846951,1.75406070631377,-237.297836615115,-265.586385921556,125.41354432398
-0.183195153061224,0.960568797831632,1.02093132174745,-119.488774513712,-190.169353874362,93.1595782844388
-0.454764229910716,1.53383091517857,-1.08328683035715,8.45772879464298,47.0145089285716,24.348667689732
-0.202791175063778,1.00819614955357,-3.75030891262755,7.63188576211788,194.948780293367,-15.5602279974491
1.31144371811224,3.1502610809949,-2.85444734534439,-188.627904775191,163.380525550064,-36.6833745216837
0.620844626913263,1.90397799744898,-0.393484933035712,-200.015321069834,-85.7120436065053,-80.2581164301659
-0.866041533801019,0.0865254304846943,0.0105030293367332,-56.5459582270408,106.086575255102,-121.103714923469
-0.404047751913265,0.433000837053572,0.779650629783163,-163.02490234375,42.2873983577806,0.447798748405623
-0.495157047193878,1.3525390625,0.800910794005101,-77.3633061623083,-13.9571209343109,12.431864835778
-0.27099609375,1.13630022321429,0.622942243303571,-1.58255440848225,34.0140206473215,-8.27462332589281
-0.287896603954081,0.867277184311225,0.574074258609694,57.8962053571429,78.4233248963648,-11.0199597417092
-0.0208814971301022,0.975526147959184,0.216313576211734,104.516477000957,16.8500627790178,-11.8850396603954
0.00812141262755085,0.72103196747449,-0.1025390625,142.297861527423,68.3656030771684,-31.4524125079719
-0.038120814732142,0.567083864795919,-0.386235451211734,155.331358617666,36.1533651546557,-21.8860859773597
-0.0279366629464287,0.684824418048471,-0.651760801977041,140.461201570472,8.43717613998715,-27.0659777582908
-0.0827985491071429,0.423280054209184,-1.04365632971939,159.981863839286,32.3349310427296,-23.430026307398
0.0412597656249994,0.155168805803572,-1.44862583705357,135.284423828125,40.7278878348214,-26.0053362165178
0.258026745854592,0.21509785554847,-1.67087850765306,46.6202716438136,-45.5845424107145,-2.23587970344387
-0.00801179846938783,0.345633370535714,-1.64884107940051,-12.4773297991071,-1.31972955197708,-36.9443309550383
-0.313700773278059,0.478276466836734,-1.25823600924745,-31.3882633131378,-43.7933474170917,-30.7716836734694
-0.593720105229592,0.252959582270408,-0.801822584502551,-33.0075633769133,50.7961973852043,-8.0460528938137
-0.245331433354592,0.401900310905612,-0.970877511160714,-23.5570790816327,41.2055813536352,16.2191585618622
-0.0154406489158194,0.455192721619897,-1.00438954878827,-28.2978914221939,97.281942562181,2.94463488520416
0.252476283482142,0.563546316964286,-0.944056919642857,-24.0565708705357,86.8791852678572,-21.6064453125001
0.304303850446428,0.391830755739796,-0.877655652104592,-13.0378567442602,67.1828912228954,-45.3422702088648
0.00439453125000119,0.52806620695153,-0.773826132015306,-27.7722417091837,28.8914271763392,-34.2077138472577
0.0827885841836734,0.592329998405613,-0.675547074298469,-30.9603944116709,6.02317342952795,-18.5378716916454
0.0702277981505102,0.707783601721939,-0.587213010204082,-21.060865752551,20.4274703045281,-3.48585479113521
0.0107421875000006,0.700763313137755,-0.563077965561225,-11.6415218431123,-2.61267837213007,-8.21857063137753
0.160848812181123,0.661541374362245,-0.730702925701531,6.12095424107147,23.3328683035715,-16.5810098453444
-0.059326171875,0.580078125,-0.835205078125,13.24462890625,-3.936767578125,-12.542724609375
