-0.271728515625,-0.944580078125,-0.1142578125,5.523681640625,18.280029296875,10.25390625
-0.288195551658163,-0.954246053890306,-0.126898317920918,6.37256855867347,12.0002590880102,4.94447046396684
-0.271997568558673,-0.947833625637755,-0.125269052933673,5.20604970503827,0.18185985331633,-1.10174685108418
-0.302116549744898,-0.955362125318878,-0.126828563456633,1.01143973214286,-8.64955357142857,-7.01779735331633
-0.297253667091837,-0.94815748565051,-0.131766183035714,-2.8449856505102,-17.2717036033163,-7.84052634725765
-0.316306600765306,-0.95621412627551,-0.114412268813776,-6.71822684151786,-18.8822843590561,-6.88202527104592
-0.309017259247449,-0.955601283482143,-0.117944834183673,-11.4484514508929,-24.7074049346301,-6.65096360809949
-0.302315848214286,-0.936279296875,-0.123465401785714,-13.5977608816964,-29.7720772879464,-5.94220842633929
-0.318334462691327,-0.943249760841837,-0.123395647321429,-16.1830357142857,-29.4357611208546,-9.30038763552296
-0.284623126594388,-0.94734036192602,-0.131407445790816,-19.0404775191327,-37.0396205357143,-12.363355986926
-0.302973533163265,-0.937923509247449,-0.135542889030612,-21.091383330676,-44.8845065369898,-14.5898935746173
-0.312290736607143,-0.927016900510204,-0.133440290178571,-22.148288026148,-44.7574537627551,-18.5634068080357
-0.322270607461735,-0.919642857142857,-0.131193199936224,-21.751559510523,-51.8942073899872,-21.3828573421556
-0.33244479432398,-0.90283203125,-0.142264229910714,-22.8526835538903,-59.5684440768495,-21.9626913265306
-0.349225725446429,-0.877336774553571,-0.158586774553571,-21.7808314732143,-64.0607561383929,-23.0233328683036
-0.366430165816327,-0.888681839923469,-0.171511280293367,-24.0017637914541,-71.0299744897959,-26.8529775191327
-0.404670559630102,-0.850331831951531,-0.195033482142857,-22.6969816246811,-56.6144670758929,-26.2818628427934
-0.403096101721939,-0.770841637436224,-0.174575494260204,-21.6699716996173,-21.4513661910077,-25.3837741151148
-0.271544164540816,-0.679059709821428,-0.231280891262755,-22.5786481584821,6.19070870535713,-26.4444156568878
-0.310402383609694,-0.681202168367347,-0.302111567283163,-30.4341218909439,-16.9079838966837,-23.2662278778699
-0.28751295440051,-0.681949537627551,-0.36808932557398,-41.1694585060587,-8.84573800223214,-15.1354731345663
-0.498186383928572,-0.663748604910714,-0.461181640625,-41.4515904017857,-28.0892508370535,-43.3088030133929
-0.543417171556121,-0.495675223214286,-0.929263990752551,-48.1118961256377,3.12960877710485,-73.7541354432397
-1.08517518335459,-0.61905592315051,-0.781240035076531,-109.960439253827,44.7331642617985,-46.8905701929209
-1.04216657366071,-0.654750279017857,-0.0582250478316318,-129.338478555485,-9.97737962372452,45.7215601084185
-0.800013950892857,-0.754982461734694,0.12183613679847,-92.8201480787628,17.1222297512755,156.41940369898
-0.442208426339286,-0.979258011798469,0.0710548867984694,-58.0911441725128,-13.7235680404975,191.066196986607
-0.555544483418367,-0.468251753826531,-0.0701829559948992,115.959323182398,13.5354801100132,120.87514449139
-0.673095703125,-0.0705217633928568,0.043212890624999,104.936872209821,155.687604631696,16.1612374441964
0.162607621173469,-1.21618403220663,0.827472297512755,62.435227997449,-12.5321368781888,134.106694435587
3.72081273915818,-2.44292590082909,-1.01721938775511,141.714913504464,454.583615672833,159.212073501276
0.199467873086735,-2.28792151626275,0.26682079081634,-178.466796875,-4.73333864795869,62.125692562181
-1.88440688775511,-1.03138950892857,0.29157864317602,-147.224270567601,-6.66840222417218,-15.4468769929846
-1.21975645727041,-0.249935227997447,-0.257543447066327,-239.33068100287,229.606161312181,-35.7367067920919
0.645243742028059,-0.23781788105867,-2.18459522480867,-0.354377590880354,123.354542012118,-51.6513123804209
-0.655412946428572,-0.394566127232143,-0.772495814732145,58.842250279018,-70.6525530133931,-130.946568080357
-0.270363321109692,-0.279491191007652,-0.541224888392857,-19.546820192921,53.4449986049109,-136.729960538903
-0.0268305564413265,-0.0750508211096938,-0.829933633609694,-52.0436812420281,31.1715262276786,-83.0414441167092
0.420031489158161,-0.398527184311224,-1.12603136957908,-33.7138273278062,28.5277074697069,4.68725087691308
0.0812290736607134,-0.281558912627551,-0.994240274234694,2.47877471301025,-102.07631636639,65.556117466518
-0.355952048788265,-0.258524992028061,-0.856250996492347,-0.099026426977034,-121.694136639031,72.2263881138393
-0.639195033482143,-0.258669483418367,-0.859439772002551,-11.0560825892857,-78.3815967793368,55.2200005978955
-0.671875,-0.201416015625,-0.900320870535714,2.42832728794647,-47.6074218749999,20.4685756138392
-0.611716757015306,-0.21672213807398,-0.816934390943878,12.2475137515944,-21.2794712611607,0.387386399872453
-0.561229472257653,-0.279501155931122,-0.808768136160714,1.23502770248728,2.51053790656884,-5.4389797911352
-0.492057955994898,-0.256900709502551,-0.858562858737245,-4.39889090401785,4.73520707110969,-2.24335339604591
-0.532904177295918,-0.268928372130102,-0.826904296875,-4.36775051817602,5.62644491390306,-2.06273915816327
-0.487822863520408,-0.263940927933673,-0.819789341517857,-8.11144770408163,12.9905233577806,-1.62552814094388
-0.477150430484694,-0.243976203762755,-0.876738879145408,-5.53426937181121,6.50335817920916,0.0803421954719413
-0.4951171875,-0.257568359375,-0.85888671875,-2.74658203125,0.48828125,-0.885009765625
