-0.21630859375,-0.960693359375,-0.152587890625,-6.195068359375,2.716064453125,-4.852294921875
-0.215456592793367,-0.970752949617347,-0.152034837372449,-7.79879823022959,-0.681974449936225,-5.4134446747449
-0.200902822066327,-0.974469866071429,-0.164177096619898,-9.60867745535714,0.576719945790816,-3.53131975446429
-0.188526387117347,-0.985705317283163,-0.167664819834184,-11.6832499601403,-0.848264110331633,-2.91224888392857
-0.168078364158163,-0.970952248086735,-0.199233697385204,-15.2170609454719,-3.64965322066327,-2.52299406090561
-0.182562380420918,-0.942367865114796,-0.195013552295918,-15.3989207987883,-2.23276566485969,-4.45618921396684
-0.1923828125,-0.954873844068878,-0.178975007971939,-15.9364038584184,-0.308289819834184,-7.68607003348214
-0.203473772321429,-0.969203404017857,-0.183140345982143,-18.0882045200893,0.0435965401785713,-8.47952706473214
-0.182472696109694,-0.963762555803571,-0.191256776147959,-20.1235401387117,1.44553671077806,-8.026123046875
-0.153698979591837,-0.955227598852041,-0.210678411989796,-22.4111128826531,1.91887057557398,-9.68465999681123
-0.167470503826531,-0.984145806760204,-0.270931321747449,-23.006517059949,3.45907405931122,-14.7287796954719
-0.163723692602041,-0.957454759247449,-0.295843630420918,-26.6175562021684,15.8629125478316,-16.0316934390944
-0.182378029336735,-0.941899513711735,-0.222745934311224,-29.693603515625,5.78899772799745,-16.231614716199
-0.179572903380102,-0.930479711415816,-0.215795400191327,-28.3010054607781,4.49978575414541,-16.197360291773
-0.149448939732143,-0.903948102678572,-0.244698660714286,-27.984619140625,4.8828125,-14.4914899553571
-0.108009805484694,-0.773527184311224,-0.294458506058673,-25.3376863440689,13.4071817203444,-12.6716458067602
-0.09879225127551,-0.436832350127551,-0.384177694515306,-16.2141761001276,40.7004842952805,-10.8225296954719
-0.0646374760841837,-0.266506895727041,-0.338628029336735,-12.4138034119898,92.1369280133928,-20.4262246890944
0.150091677295918,-0.566755022321428,0.0336365991709185,-10.0502481265944,96.2885642538265,-47.8004922672194
0.206911670918367,-0.473039899553571,0.117690728635204,-4.88032126913262,92.2154017857144,-68.9030861367984
0.171192402742347,-0.678113042091837,0.203533561862245,-5.69121691645409,60.1121552136479,-80.5832220583546
0.421491350446428,-1.24863978794643,0.041259765625,-11.77978515625,23.0146135602676,-99.5875767299108
0.589066485969385,-1.83682437818878,-0.213229432397959,-77.5233677455355,-99.8124103156887,-105.518574617347
0.902303890306123,-1.1376803651148,-0.586086973852041,-177.40366410236,-236.971485371492,2.63011698820153
1.31623684630102,-2.53228136957908,-2.20289580676021,-225.669393734056,-489.502575932717,-19.3724340322066
-2.76723931760204,-0.959273357780614,-1.75056301817602,-226.494613958865,-158.630371093751,-50.3683284837374
-0.660325653698979,0.624078244579082,-0.329131457270408,-199.063670878508,237.87767059949,2.15616031568878
-0.0215939891581622,1.41810825892857,-0.201500717474491,-135.570292570153,-82.6789700255104,87.7891073421557
-0.165771484375,0.962646484375001,-0.809361049107143,-6.96236746651788,-76.0323660714288,118.024553571429
0.114367426658163,0.718181999362245,-0.720623405612245,-25.821607940051,-1.55328244579084,25.6054936623087
0.222875478316326,0.392647879464286,-1.11098433514031,-9.45546675701533,-101.700140505421,22.136454679528
-0.34610670440051,0.231838926977041,-0.988062021683674,6.19631397480866,-129.575145487883,24.0646673708546
-0.598493303571428,0.353281449298468,-0.905472735969388,1.51591398278066,27.921715561224,10.795748963648
-0.31875298947704,0.496816206951531,-0.893096301020408,-0.400465361926003,93.1763940927933,-3.20932816485971
-0.345593510841837,0.554179288903061,-0.899164939413265,11.1445212850765,63.7562031648597,-14.4267179528061
-0.230991908482143,0.404296875,-0.843470982142857,20.2287946428571,44.8085239955359,-20.4642159598215
-0.232157804528061,0.292425661670918,-0.86336595184949,28.2125667649873,28.1502859933036,-13.6693837691327
-0.181426379145408,0.0536063058035716,-0.985157246492347,30.7224818638393,35.9160754145408,-6.1882174744898
-0.00577965561224573,-0.127436423788265,-1.05507114955357,26.3428979990434,94.2594567123723,-2.1206602758291
0.321563097895409,-0.167131696428571,-0.94735032684949,31.9562639508929,91.1055584343111,-8.26216717155618
0.308573820153061,-0.091552734375,-0.922228754783163,25.9237484056122,37.498629823023,-38.6022450972576
0.277079679528061,-0.0506417410714287,-1.08826929209184,30.8514030612245,72.9968012595662,-43.7759088010204
0.526576450892858,-0.121756417410714,-1.11655970982143,23.6860002790178,141.985212053572,-33.7306431361607
0.720179966517857,0.00649713010204083,-0.958456234056122,10.7614945392219,88.6336346061862,-33.4659498565051
0.886962890625,-0.259646045918367,-0.661974848533164,-6.30904217155613,-13.3872518734053,-45.3304368622449
0.399374202806121,-0.125284000318877,-0.68537747130102,5.90546277104594,-119.402827048788,-26.91650390625
0.211166693239796,-0.168307557397959,-0.947026466836735,9.71953722895408,34.8112145248724,-7.00471839126276
0.319540218431122,-0.116843710140306,-1.00315389827806,1.70462472098215,53.7713498485332,5.4259008290816
0.670136120854593,-0.0617077885841836,-0.941914461096939,-8.42409717793371,82.6640226403061,-4.40262775031893
0.705322265625,-0.038330078125,-0.892578125,-14.404296875,-2.105712890625,-28.961181640625
