-0.14208984375,-0.87255859375,-0.363525390625,3.387451171875,-39.581298828125,-14.58740234375
-0.11214524872449,-0.828154894770408,-0.355124960140306,17.6285724250638,-11.2011967873087,-21.4818837691327
-0.0837651466836734,-0.876778738839286,-0.337521922831633,28.4012775031888,-21.5871382732781,-30.8445521763393
-0.0972177933673469,-0.907978914221939,-0.345434072066327,28.4342863121811,-25.0972825653699,-30.246656768176
-0.108298788265306,-0.922557597257653,-0.365632971938776,27.1662498007015,-23.6573511240434,-29.0141202965561
-0.0957081074617347,-0.921018016581633,-0.39680325255102,13.7017697704082,-20.6728565449617,-17.1652034837372
-0.200359733737245,-1.10312699298469,-0.37825852997449,10.5491171077806,4.51722437021685,-21.2794712611607
-0.0782993861607143,-1.08150809151786,-0.346644810267857,-5.462646484375,23.3372279575893,-17.0244489397321
-0.124038384885204,-1.09100466358418,-0.274364237882653,-20.8279356664541,45.4026825573979,-1.11918546715564
-0.0543088329081633,-0.900261080994898,-0.254534040178572,-51.7783651546556,71.8302824059311,31.2275789221939
-0.196592992665816,-0.996905891262755,-0.227593869579082,-86.8710887675383,108.904157366071,61.2655951052296
-0.231674505739796,-1.0456692442602,-0.283023756377551,-93.8540088887117,126.503457828444,76.999586455676
0.00732421875000029,-1.04011878188776,-0.427400550063776,-105.637530891263,189.501704001913,71.1539132254464
-0.0889269770408163,-1.16773457429847,-0.68181002869898,-134.911984813457,110.595080317283,47.149658203125
-0.210797991071429,-0.659737723214286,-0.922049386160714,-148.529052734375,146.689278738839,67.6487513950893
0.369369818239795,-0.270378268494898,-0.703947106186224,-115.472287547832,65.2409767617983,15.6100526147959
-0.299595424107144,-0.186697823660715,-0.547019491390306,-96.9661790497449,17.7487743144131,8.92919423628835
0.195432079081633,-0.0112454161352041,-0.360246930803572,-59.0334522480868,-26.4219945790816,-13.0123216278699
0.0188187579719388,-0.0637505978954082,-0.245216836734694,-5.34680424904333,-32.2433783083546,-5.20044443558675
0.0677415497448985,-0.0125109614158163,-0.233692402742347,25.3270986128826,-31.7177285953443,-9.58999322385205
-0.0974918287627551,-0.10074537627551,-0.250936702806123,20.8173479352679,-21.8013841278699,-1.95561623086735
0.0516880580357146,0.0366210937500003,0.0431431361607144,12.3116629464286,-2.67246791294641,-8.34873744419644
-0.0304029815051015,0.358054647640305,0.354233099489795,72.421326929209,-26.7097317442602,-39.9724220742984
-0.598493303571428,0.31973951690051,0.462736168686224,246.456846898916,-36.8365852200255,-108.882981903699
2.53197245695154,-5.05810546875001,0.0901327327806041,-30.492043008611,66.573785275829,-48.3473174426018
-1.29530552455355,-3.98214285714288,-0.731619698660717,-306.669896962691,-84.1600067761481,102.489237882653
0.172901387117347,0.265998684630102,-2.53058733258929,-40.7627650669643,197.25379165338,-220.683817960778
1.48104671556122,-0.471639827806122,-0.997314453124999,108.760288783482,-124.306815011161,82.9598563058039
-0.741699218750001,-0.678920200892857,-0.368756975446429,81.8394252232144,-101.008823939732,-16.3617815290177
-0.0807258450255103,-0.50398098692602,-0.201241629464286,-0.64211475605868,-72.284932039222,-62.2209821428572
0.0576520647321443,-0.46273118622449,-0.808698381696428,-3.79476741868627,14.042445591518,-66.5494957748724
0.113620057397959,-0.833351602359693,-0.59610670440051,-11.4004952566964,-12.9774443957271,-15.9127371651786
0.124656210140306,-0.807861328125001,-0.771110690369898,-11.0386439732143,-8.41288663903059,-20.4013123804209
0.287413305165817,-0.630047233737245,-0.750543088329082,8.50568498883931,-7.02651666135201,-7.62939453124999
0.182901187818878,-0.811373963647959,-0.63638990752551,18.2451520647321,-8.13200035873723,-2.77896803252552
0.184326171874999,-0.671979631696429,-0.561628069196429,5.04847935267865,2.95584542410713,12.6735142299107
0.138313137755102,-0.559699856505102,-0.538539341517857,-17.936862244898,2.49372209821429,26.4886350047832
0.01155931122449,-0.660564811862245,-0.669089803890306,-37.3790507413903,-18.8816615513393,21.3635503029337
-0.0502082669005104,-0.587397361288265,-0.657575334821428,-44.2722865513393,-16.2484305245536,8.37240413743632
-0.110361527423469,-0.737344547193878,-0.895487882653061,-51.2707768654337,-23.952561981824,-10.4245555644133
0.0667948820153061,-0.545096261160714,-0.971819196428571,-35.5903469786352,-10.1941167091837,-11.4920479910714
0.0766003667091837,-0.565469547193877,-0.932662029655613,-1.32782605229601,-7.415771484375,1.45550163424741
0.0132882254464284,-0.587855747767857,-0.887625558035714,20.0108119419643,-0.649588448660695,11.2173897879464
-0.0598543128188775,-0.631362603635204,-0.769556162308674,22.6789202008929,12.6249352279974,5.4931640625
-0.0332081074617347,-0.631691446109694,-0.754045758928571,17.1184929049745,9.9568269690689,-4.16346958705354
0.0237314652423472,-0.67471998565051,-0.716577646683673,8.99832589285712,8.98773816167091,-13.5572783801021
0.0772231744260204,-0.588518415178571,-0.702193279655612,1.65915975765306,4.89090900031888,-9.79925661670918
0.113096898915816,-0.644705636160714,-0.727040816326531,-2.72540656887754,1.74884406887757,-2.0035724250638
0.075015943877551,-0.592325015943877,-0.750886878188776,2.1511778539541,-2.14370416135205,2.54728356186224
0.048095703125,-0.495849609375,-0.734375,20.599365234375,2.166748046875,3.41796875
