0.033288,0.990315,0.134743,-0.619256,1.103389,-0.325707
0.029969,0.972866,0.22939,0.372924,1.112812,0.015407
0.045979,0.942441,0.331174,0.511104,1.224704,-0.298047
0.07135,0.903447,0.422703,0.118103,0.929255,-1.246922
0.074458,0.868624,0.489831,-0.747264,-0.003802,-1.310708
0.043173,0.84796,0.528286,-0.577184,-0.829863,-0.731777
0.006921,0.827731,0.561068,-0.060967,-0.793994,-0.428393
-0.008768,0.803856,0.594745,0.850931,-0.64637,-1.496539
0.020087,0.798369,0.601819,0.509683,-0.466429,-1.066083
0.023543,0.805203,0.592517,0.153612,-0.416851,-0.843829
-0.007715,0.818629,0.574256,-0.644324,-0.58549,-0.948477
-0.030431,0.847063,0.530604,-0.309108,-0.705965,-0.418055
-0.054343,0.877148,0.477118,0.095893,-0.368237,-0.077582
-0.083951,0.904812,0.417434,0.277875,2.033191,0.172272
-0.059776,0.934643,0.350506,-0.375771,2.188267,0.461246
-0.032023,0.951784,0.30507,-0.978933,1.245894,0.789183
-0.029261,0.979376,0.199882,-0.742421,1.610651,-0.516028
-0.053657,0.995912,0.07258,0.356589,1.774794,-0.701532
-0.075554,0.997125,-0.004771,0.695748,1.639457,-0.983342
-0.067245,0.996848,-0.04197,0.347945,0.875467,0.026986
-0.057747,0.995317,-0.077448,0.11895,0.187102,0.488321
-0.051406,0.992218,-0.113359,-0.029801,-0.377808,0.445741
-0.055535,0.988282,-0.142142,-0.022895,-1.867768,0.238105
-0.068953,0.984544,-0.160962,0.181349,-2.382463,0.475583
-0.076623,0.984227,-0.159424,0.211908,-2.417042,0.654648
-0.0478,0.990938,-0.125485,0.072977,-1.688616,1.132778
0.000804,0.997329,-0.072967,0.229284,-0.638686,0.025222
0.030538,0.998837,-0.037145,0.019175,-0.333463,-0.511103
0.044808,0.998394,-0.034495,-0.06878,0.145817,-1.451208
0.055966,0.995134,-0.081017,0.171435,-1.258684,-0.389076
0.07831,0.990493,-0.113042,0.224058,-1.526031,0.469076
0.101075,0.988594,-0.111595,-0.619172,2.109474,1.128334
0.092176,0.99135,-0.093364,-0.563413,2.987227,-3.55428
0.109627,0.990745,-0.079953,0.782218,0.738442,0.582791
0.108046,0.994057,0.012757,-0.095366,0.107201,-1.052934
0.077147,0.995241,0.0594,-0.322402,1.25865,-0.120099
0.066334,0.983668,0.167272,-0.512211,1.53008,-0.609166
0.080359,0.958701,0.272795,0.322519,1.352975,-0.111586
0.092808,0.918453,0.384461,0.076656,0.943241,-0.970169
0.116008,0.87344,0.472888,-0.132884,0.946598,-1.452044
0.128521,0.837786,0.530636,-1.060421,-0.321886,-1.436962
0.097214,0.815976,0.569832,-0.415665,-0.729535,-0.698418
0.053287,0.795668,0.603365,0.111737,-0.607573,-0.397967
0.042051,0.776319,0.628917,0.879336,-0.568342,-1.42657
0.083822,0.779435,0.62083,0.597605,-0.641358,-0.827862
0.094692,0.789654,0.606181,0.180652,-0.458874,-0.806605
0.071806,0.81377,0.576713,-0.392637,-0.590824,-1.096488
0.05611,0.849589,0.52443,-0.668995,-0.50413,-0.405213
0.048272,0.882342,0.468102,-0.305398,-0.355105,-0.179497
0.026921,0.910346,0.412944,-0.160344,1.190896,0.046757
