-0.296291,0.948465,0.112201,-0.002263,0.005347,-0.01305
-0.296366,0.948438,0.112229,-0.014013,0.014529,-0.010697
-0.2965,0.948448,0.111789,-0.019494,0.015404,-0.008151
-0.29664,0.948489,0.11107,-0.021384,0.013562,-0.004929
-0.296839,0.948526,0.110222,-0.016394,-0.001031,-0.000329
-0.297093,0.948535,0.109455,-0.016933,-0.003513,0.000499
-0.297392,0.948509,0.108868,-0.023607,-0.006904,0.001636
-0.29772,0.948472,0.108299,-0.019511,-0.003831,0.015816
-0.297975,0.948466,0.107648,-0.01605,-0.000788,0.013354
-0.297985,0.948501,0.107304,-0.019153,0.00119,0.006008
-0.297815,0.948558,0.107272,-0.02532,0.003102,-0.00223
-0.297664,0.948597,0.107354,-0.02802,0.003384,-0.007745
-0.297705,0.948606,0.107161,-0.016565,0.004672,-0.012679
-0.297894,0.948609,0.106601,-0.002475,0.008071,-0.007099
-0.298081,0.948645,0.105765,0.002396,0.011377,0.000604
-0.298213,0.948683,0.10505,0.013346,0.00609,0.001945
-0.298219,0.948736,0.104552,0.015687,0.005976,0.003862
-0.298076,0.948817,0.104221,0.009028,0.002492,0.005443
-0.297893,0.948912,0.10388,-0.001057,0.003267,0.009248
-0.297797,0.948985,0.103482,-0.003411,-0.006541,0.018573
-0.297735,0.949021,0.103338,0.00115,-0.009476,0.025538
-0.297541,0.949064,0.103492,-0.003942,-0.012388,0.029015
-0.297211,0.94911,0.104016,-0.019149,-0.009352,0.030993
-0.296822,0.949146,0.104802,-0.032554,-0.006641,0.014705
-0.296518,0.949149,0.105629,-0.038275,-0.00228,0.003441
-0.29643,0.949108,0.106249,-0.041797,0.002156,-0.001314
-0.296575,0.94903,0.106539,-0.036647,-0.003565,-0.003313
-0.296813,0.948942,0.10666,-0.019884,-0.003385,0.000503
-0.296973,0.948892,0.106661,-0.012445,0.006552,0.006757
-0.297011,0.948868,0.106772,-0.011568,0.00209,0.004846
-0.296969,0.948837,0.107157,-0.011609,0.002121,0.004461
-0.296932,0.948802,0.107569,-0.004414,0.002003,0.003103
-0.296894,0.948789,0.107789,0.004505,-0.00012,0.006316
-0.296833,0.948781,0.10803,0.0042,0.001536,0.006655
-0.296707,0.948771,0.108467,-0.003693,0.001775,0.005073
-0.296535,0.94875,0.109116,-0.000661,0.002574,0.002151
-0.29632,0.948748,0.109722,-0.00057,0.007139,0.002385
-0.296105,0.948763,0.110164,-0.010643,0.005506,0.004842
-0.295915,0.948788,0.110457,-0.012144,-5.8e-05,0.002641
-0.295753,0.94883,0.110533,-0.013695,0.001777,0.009844
-0.295624,0.948871,0.110526,-0.019104,0.001859,0.01571
-0.295514,0.948886,0.110693,-0.006594,-0.002078,0.01362
-0.295437,0.948904,0.110743,-0.00864,-0.001974,0.013799
-0.295355,0.948927,0.110763,-0.014657,-0.000242,0.013276
-0.295272,0.948922,0.111032,-0.012864,-0.003563,0.009512
-0.295222,0.948911,0.111248,-0.002599,-0.003355,0.005925
-0.295175,0.948929,0.111225,-0.005515,0.001266,0.006878
-0.295088,0.948944,0.111327,-0.002138,-0.001572,0.008836
-0.294975,0.948937,0.111686,-0.001458,-0.003624,0.010582
-0.294837,0.948922,0.112169,-0.012612,0.000998,0.007337
