0.017599,0.982585,-0.184924,0.069392,-0.234523,0.072421
0.022663,0.981845,-0.188273,0.030285,-0.25661,0.068613
0.028709,0.980866,-0.192505,0.001809,-0.185593,0.062272
0.037603,0.979691,-0.196904,-0.011815,-0.155411,0.052358
0.049964,0.978351,-0.200784,0.054726,-0.1561,0.034951
0.065105,0.977247,-0.201818,0.055318,-0.143507,0.060659
0.08037,0.976506,-0.199892,0.037031,-0.14063,0.086077
0.094813,0.975896,-0.196512,0.003408,-0.135549,0.172983
0.106956,0.975356,-0.192928,-0.041252,-0.100493,0.230694
0.115776,0.974948,-0.189875,-0.061439,-0.077929,0.247401
0.120365,0.974952,-0.186976,-0.034306,0.01159,0.203273
0.123299,0.974842,-0.185636,-0.010017,0.132519,0.148114
0.126636,0.974839,-0.183388,-0.018116,0.157378,0.099327
0.129396,0.975672,-0.176918,0.154052,0.111547,-0.198372
0.133912,0.976632,-0.168039,0.28421,0.349998,-0.192862
0.140662,0.977733,-0.155664,0.096261,0.535268,0.030435
0.14519,0.979831,-0.13722,-0.05971,0.553952,0.089902
0.149676,0.979848,-0.132186,0.077527,0.019145,-0.225678
0.150968,0.976703,-0.152442,0.08974,-0.184955,-0.332147
0.147838,0.971569,-0.18487,-0.024501,-0.162258,-0.237966
0.14353,0.967568,-0.207827,-0.002097,-0.160271,-0.139341
0.138127,0.967739,-0.210673,0.102809,-0.096675,-0.135213
0.130871,0.971489,-0.197642,0.210407,0.002846,-0.148641
0.122502,0.976481,-0.177359,0.227413,0.060109,-0.117379
0.114787,0.980558,-0.159087,0.201681,0.071474,-0.048158
0.107537,0.983015,-0.148642,0.135047,0.097826,0.031119
0.098223,0.984533,-0.144999,0.073118,0.082865,0.052989
0.085091,0.985982,-0.14345,0.057273,0.045467,0.042055
0.068929,0.987539,-0.141399,0.027689,-0.116903,-0.004216
0.051614,0.988951,-0.138885,0.009177,-0.202727,-0.014511
0.033889,0.989895,-0.137613,-0.033691,-0.261913,-0.010336
0.017213,0.990199,-0.138515,-0.065415,-0.29684,-0.011006
0.003219,0.990026,-0.140765,-0.067077,-0.329107,-0.01727
-0.007176,0.989715,-0.142789,-0.042888,-0.318542,-0.018054
-0.015219,0.989416,-0.144226,-0.018854,-0.289083,-0.020966
-0.021849,0.988979,-0.146355,-0.000978,-0.141796,-0.022621
-0.027917,0.988171,-0.150716,-0.004508,-0.107281,-0.007579
-0.034102,0.986973,-0.157159,-0.015397,-0.089283,0.011941
-0.040055,0.985569,-0.164395,-0.108154,-0.055195,0.028149
-0.045545,0.984041,-0.171945,-0.138674,-0.063509,0.018076
-0.050426,0.982394,-0.179826,-0.176655,-0.075777,0.018617
-0.054239,0.980726,-0.187647,-0.261465,-0.030638,0.029551
-0.056041,0.978891,-0.196491,-0.241703,-0.010065,0.045826
-0.055284,0.976738,-0.207135,-0.212645,0.011818,0.070492
-0.054011,0.974537,-0.217573,-0.032202,0.183437,0.160673
-0.048816,0.972918,-0.22589,0.027194,0.229322,0.183547
-0.039772,0.972233,-0.230563,0.101768,0.260158,0.145755
-0.029794,0.971775,-0.233973,0.125314,0.413265,-0.072332
-0.023052,0.971621,-0.23537,0.05276,0.452451,-0.040691
-0.024317,0.971633,-0.235193,-0.025991,0.533433,-0.010749
