0.417083,0.830146,-0.369983,-0.248763,0.122979,0.23653
0.427896,0.81389,-0.393036,-0.203104,0.03784,0.23883
0.432178,0.798146,-0.419733,-0.139301,-0.381306,0.122797
0.430806,0.784333,-0.44634,-0.222325,-0.564881,0.210561
0.425954,0.773061,-0.470034,-0.175175,-0.554738,0.25017
0.41725,0.764568,-0.491253,-0.098311,-0.489346,0.354656
0.406079,0.759413,-0.508314,-0.078046,-0.465071,0.3533
0.395606,0.757832,-0.518824,-0.060477,-0.423085,0.268885
0.386931,0.757319,-0.526064,-0.133468,-0.389048,0.163134
0.377117,0.756714,-0.534003,-0.156505,-0.350372,0.293082
0.364887,0.760078,-0.537709,-0.11301,-0.187583,0.428441
0.354696,0.771045,-0.52884,0.233652,0.086758,0.500657
0.354222,0.788203,-0.503244,0.150783,0.147573,0.354181
0.362304,0.807536,-0.465417,0.123856,0.290197,0.193841
0.380004,0.815578,-0.436371,0.292406,1.033314,-0.854706
0.395522,0.80637,-0.439682,-0.107848,0.290279,-0.771439
0.395303,0.797317,-0.456083,-0.267511,-0.124298,-0.600756
0.389452,0.790904,-0.472005,0.327558,1.785756,0.423451
0.398461,0.792115,-0.462356,0.158302,1.953643,0.745361
0.410134,0.798337,-0.440951,-0.794915,-0.373746,0.4798
0.419296,0.793718,-0.440673,-0.88234,-0.65555,0.426558
0.432401,0.795922,-0.423707,-0.709852,-0.458062,0.423875
0.4332,0.811646,-0.391864,-0.63158,-0.040162,0.329105
0.401359,0.837761,-0.370211,-0.007575,0.384864,0.620349
0.35215,0.868648,-0.348468,0.224587,0.332844,0.690112
0.301134,0.899973,-0.315206,0.213225,0.449453,0.253408
0.262703,0.92314,-0.280691,0.212806,0.106844,0.339865
0.246604,0.936705,-0.248511,-0.059363,-0.21063,0.251303
0.240146,0.944427,-0.224439,-0.188937,-0.415329,0.23042
0.236866,0.949273,-0.206788,-0.183567,-0.479272,0.24965
0.235209,0.953092,-0.190466,-0.149897,-0.518263,0.153051
0.234247,0.956317,-0.174849,-0.052652,-0.339495,0.067778
0.236825,0.95886,-0.156482,-0.123193,0.129306,0.27463
0.235614,0.963291,-0.128606,-0.217288,0.207882,0.192571
0.22872,0.968081,-0.102414,-0.012183,0.161298,0.077131
0.218719,0.972026,-0.085498,-0.058501,0.02541,-0.003797
0.202213,0.976228,-0.077921,0.02351,-0.191392,-0.12853
0.177307,0.981314,-0.07462,0.412414,-0.151877,-0.048931
0.153087,0.985625,-0.071346,0.488011,0.108552,0.066815
0.135679,0.988361,-0.068676,0.390185,0.141216,0.140133
0.127285,0.989939,-0.061658,0.385822,0.292211,-0.03194
0.127642,0.990196,-0.056598,0.413877,0.456994,-0.206265
0.130639,0.989611,-0.059889,0.500953,0.417875,-0.143145
0.132494,0.988715,-0.069798,0.484129,0.373712,-0.113232
0.140337,0.986477,-0.084571,0.288771,0.109546,0.094397
0.156888,0.981315,-0.111324,0.075595,-0.14347,0.295711
0.182673,0.97183,-0.148871,-0.055598,-0.249357,0.111014
0.219848,0.956927,-0.18959,-0.010955,0.163145,0.116119
0.261263,0.936861,-0.232425,-0.122072,0.52806,0.185367
0.296258,0.915355,-0.27266,-0.326013,0.798939,0.230393
