file,activity,samples,channels
dws 200.csv,Downstairs,50,6
dws 201.csv,Downstairs,50,6
dws 202.csv,Downstairs,50,6
dws 203.csv,Downstairs,50,6
dws 204.csv,Downstairs,50,6
dws 205.csv,Downstairs,50,6
dws 206.csv,Downstairs,50,6
dws 207.csv,Downstairs,50,6
dws 208.csv,Downstairs,50,6
dws 209.csv,Downstairs,50,6
dws 210.csv,Downstairs,50,6
dws 211.csv,Downstairs,50,6
dws 212.csv,Downstairs,50,6
dws 213.csv,Downstairs,50,6
dws 214.csv,Downstairs,50,6
dws 215.csv,Downstairs,50,6
dws 216.csv,Downstairs,50,6
dws 217.csv,Downstairs,50,6
dws 218.csv,Downstairs,50,6
dws 219.csv,Downstairs,50,6
dws 220.csv,Downstairs,50,6
dws 221.csv,Downstairs,50,6
dws 222.csv,Downstairs,50,6
dws 223.csv,Downstairs,50,6
dws 224.csv,Downstairs,50,6
dws 225.csv,Downstairs,50,6
dws 226.csv,Downstairs,50,6
dws 227.csv,Downstairs,50,6
dws 228.csv,Downstairs,50,6
dws 229.csv,Downstairs,50,6
dws 230.csv,Downstairs,50,6
dws 231.csv,Downstairs,50,6
dws 232.csv,Downstairs,50,6
dws 233.csv,Downstairs,50,6
dws 234.csv,Downstairs,50,6
dws 235.csv,Downstairs,50,6
dws 236.csv,Downstairs,50,6
dws 237.csv,Downstairs,50,6
dws 238.csv,Downstairs,50,6
dws 239.csv,Downstairs,50,6
dws 240.csv,Downstairs,50,6
dws 241.csv,Downstairs,50,6
dws 242.csv,Downstairs,50,6
dws 243.csv,Downstairs,50,6
dws 244.csv,Downstairs,50,6
dws 245.csv,Downstairs,50,6
dws 246.csv,Downstairs,50,6
dws 247.csv,Downstairs,50,6
dws 248.csv,Downstairs,50,6
dws 249.csv,Downstairs,50,6
dws 250.csv,Downstairs,50,6
dws 251.csv,Downstairs,50,6
dws 252.csv,Downstairs,50,6
dws 253.csv,Downstairs,50,6
dws 254.csv,Downstairs,50,6
dws 255.csv,Downstairs,50,6
dws 256.csv,Downstairs,50,6
dws 257.csv,Downstairs,50,6
dws 258.csv,Downstairs,50,6
dws 259.csv,Downstairs,50,6
dws 260.csv,Downstairs,50,6
dws 261.csv,Downstairs,50,6
dws 262.csv,Downstairs,50,6
dws 263.csv,Downstairs,50,6
dws 264.csv,Downstairs,50,6
dws 265.csv,Downstairs,50,6
dws 266.csv,Downstairs,50,6
dws 267.csv,Downstairs,50,6
dws 268.csv,Downstairs,50,6
dws 269.csv,Downstairs,50,6
dws 270.csv,Downstairs,50,6
dws 271.csv,Downstairs,50,6
dws 272.csv,Downstairs,50,6
dws 273.csv,Downstairs,50,6
dws 274.csv,Downstairs,50,6
dws 275.csv,Downstairs,50,6
dws 276.csv,Downstairs,50,6
dws 277.csv,Downstairs,50,6
dws 278.csv,Downstairs,50,6
dws 279.csv,Downstairs,50,6
dws 280.csv,Downstairs,50,6
dws 281.csv,Downstairs,50,6
dws 282.csv,Downstairs,50,6
dws 283.csv,Downstairs,50,6
dws 284.csv,Downstairs,50,6
dws 285.csv,Downstairs,50,6
dws 286.csv,Downstairs,50,6
dws 287.csv,Downstairs,50,6
dws 288.csv,Downstairs,50,6
dws 289.csv,Downstairs,50,6
dws 290.csv,Downstairs,50,6
dws 291.csv,Downstairs,50,6
dws 292.csv,Downstairs,50,6
dws 293.csv,Downstairs,50,6
dws 294.csv,Downstairs,50,6
dws 295.csv,Downstairs,50,6
dws 296.csv,Downstairs,50,6
dws 297.csv,Downstairs,50,6
dws 298.csv,Downstairs,50,6
dws 299.csv,Downstairs,50,6
dws 300.csv,Downstairs,50,6
dws 301.csv,Downstairs,50,6
dws 302.csv,Downstairs,50,6
dws 303.csv,Downstairs,50,6
dws 304.csv,Downstairs,50,6
dws 305.csv,Downstairs,50,6
dws 306.csv,Downstairs,50,6
dws 307.csv,Downstairs,50,6
dws 308.csv,Downstairs,50,6
dws 309.csv,Downstairs,50,6
dws 310.csv,Downstairs,50,6
dws 311.csv,Downstairs,50,6
dws 312.csv,Downstairs,50,6
dws 313.csv,Downstairs,50,6
dws 314.csv,Downstairs,50,6
dws 315.csv,Downstairs,50,6
dws 316.csv,Downstairs,50,6
dws 317.csv,Downstairs,50,6
dws 318.csv,Downstairs,50,6
dws 319.csv,Downstairs,50,6
dws 320.csv,Downstairs,50,6
dws 321.csv,Downstairs,50,6
dws 322.csv,Downstairs,50,6
dws 323.csv,Downstairs,50,6
dws 324.csv,Downstairs,50,6
dws 325.csv,Downstairs,50,6
dws 326.csv,Downstairs,50,6
dws 327.csv,Downstairs,50,6
dws 328.csv,Downstairs,50,6
dws 329.csv,Downstairs,50,6
dws 330.csv,Downstairs,50,6
dws 331.csv,Downstairs,50,6
dws 332.csv,Downstairs,50,6
dws 333.csv,Downstairs,50,6
dws 334.csv,Downstairs,50,6
dws 335.csv,Downstairs,50,6
dws 336.csv,Downstairs,50,6
dws 337.csv,Downstairs,50,6
dws 338.csv,Downstairs,50,6
dws 339.csv,Downstairs,50,6
dws 340.csv,Downstairs,50,6
dws 341.csv,Downstairs,50,6
dws 342.csv,Downstairs,50,6
dws 343.csv,Downstairs,50,6
dws 344.csv,Downstairs,50,6
dws 345.csv,Downstairs,50,6
dws 346.csv,Downstairs,50,6
dws 347.csv,Downstairs,50,6
dws 348.csv,Downstairs,50,6
dws 349.csv,Downstairs,50,6
dws 350.csv,Downstairs,50,6
FALL BCK 1.csv,Fall,50,6
FALL BCK 10.csv,Fall,50,6
FALL BCK 11.csv,Fall,50,6
FALL BCK 12.csv,Fall,50,6
FALL BCK 13.csv,Fall,50,6
FALL BCK 14.csv,Fall,50,6
FALL BCK 15.csv,Fall,50,6
FALL BCK 16.csv,Fall,50,6
FALL BCK 17.csv,Fall,50,6
FALL BCK 18.csv,Fall,50,6
FALL BCK 19.csv,Fall,50,6
FALL BCK 2.csv,Fall,50,6
FALL BCK 20.csv,Fall,50,6
FALL BCK 21.csv,Fall,50,6
FALL BCK 22.csv,Fall,50,6
FALL BCK 23.csv,Fall,50,6
FALL BCK 24.csv,Fall,50,6
FALL BCK 25.csv,Fall,50,6
FALL BCK 26.csv,Fall,50,6
FALL BCK 27.csv,Fall,50,6
FALL BCK 28.csv,Fall,50,6
FALL BCK 29.csv,Fall,50,6
FALL BCK 3.csv,Fall,50,6
FALL BCK 30.csv,Fall,50,6
FALL BCK 31.csv,Fall,50,6
FALL BCK 32.csv,Fall,50,6
FALL BCK 33.csv,Fall,50,6
FALL BCK 34.csv,Fall,50,6
FALL BCK 4.csv,Fall,50,6
FALL BCK 5.csv,Fall,50,6
FALL BCK 6.csv,Fall,50,6
FALL BCK 7.csv,Fall,50,6
FALL BCK 8.csv,Fall,50,6
FALL BCK 9.csv,Fall,50,6
FALL FRW 1.csv,Fall,50,6
FALL FRW 10.csv,Fall,50,6
FALL FRW 11.csv,Fall,50,6
FALL FRW 12.csv,Fall,50,6
FALL FRW 13.csv,Fall,50,6
FALL FRW 14.csv,Fall,50,6
FALL FRW 15.csv,Fall,50,6
FALL FRW 16.csv,Fall,50,6
FALL FRW 17.csv,Fall,50,6
FALL FRW 18.csv,Fall,50,6
FALL FRW 19.csv,Fall,50,6
FALL FRW 2.csv,Fall,50,6
FALL FRW 20.csv,Fall,50,6
FALL FRW 21.csv,Fall,50,6
FALL FRW 22.csv,Fall,50,6
FALL FRW 23.csv,Fall,50,6
FALL FRW 24.csv,Fall,50,6
FALL FRW 25.csv,Fall,50,6
FALL FRW 26.csv,Fall,50,6
FALL FRW 27.csv,Fall,50,6
FALL FRW 28.csv,Fall,50,6
FALL FRW 29.csv,Fall,50,6
FALL FRW 3.csv,Fall,50,6
FALL FRW 30.csv,Fall,50,6
FALL FRW 31.csv,Fall,50,6
FALL FRW 32.csv,Fall,50,6
FALL FRW 33.csv,Fall,50,6
FALL FRW 4.csv,Fall,50,6
FALL FRW 5.csv,Fall,50,6
FALL FRW 6.csv,Fall,50,6
FALL FRW 7.csv,Fall,50,6
FALL FRW 8.csv,Fall,50,6
FALL FRW 9.csv,Fall,50,6
FALL LFT 1.csv,Fall,50,6
FALL LFT 10.csv,Fall,50,6
FALL LFT 11.csv,Fall,50,6
FALL LFT 12.csv,Fall,50,6
FALL LFT 13.csv,Fall,50,6
FALL LFT 14.csv,Fall,50,6
FALL LFT 15.csv,Fall,50,6
FALL LFT 16.csv,Fall,50,6
FALL LFT 17.csv,Fall,50,6
FALL LFT 18.csv,Fall,50,6
FALL LFT 19.csv,Fall,50,6
FALL LFT 2.csv,Fall,50,6
FALL LFT 20.csv,Fall,50,6
FALL LFT 21.csv,Fall,50,6
FALL LFT 22.csv,Fall,50,6
FALL LFT 23.csv,Fall,50,6
FALL LFT 24.csv,Fall,50,6
FALL LFT 25.csv,Fall,50,6
FALL LFT 26.csv,Fall,50,6
FALL LFT 27.csv,Fall,50,6
FALL LFT 28.csv,Fall,50,6
FALL LFT 29.csv,Fall,50,6
FALL LFT 3.csv,Fall,50,6
FALL LFT 30.csv,Fall,50,6
FALL LFT 31.csv,Fall,50,6
FALL LFT 32.csv,Fall,50,6
FALL LFT 33.csv,Fall,50,6
FALL LFT 4.csv,Fall,50,6
FALL LFT 5.csv,Fall,50,6
FALL LFT 6.csv,Fall,50,6
FALL LFT 7.csv,Fall,50,6
FALL LFT 8.csv,Fall,50,6
FALL LFT 9.csv,Fall,50,6
FALL RGT 1.csv,Fall,50,6
FALL RGT 10.csv,Fall,50,6
FALL RGT 11.csv,Fall,50,6
FALL RGT 12.csv,Fall,50,6
FALL RGT 13.csv,Fall,50,6
FALL RGT 14.csv,Fall,50,6
FALL RGT 15.csv,Fall,50,6
FALL RGT 16.csv,Fall,50,6
FALL RGT 17.csv,Fall,50,6
FALL RGT 18.csv,Fall,50,6
FALL RGT 19.csv,Fall,50,6
FALL RGT 2.csv,Fall,50,6
FALL RGT 20.csv,Fall,50,6
FALL RGT 21.csv,Fall,50,6
FALL RGT 22.csv,Fall,50,6
FALL RGT 23.csv,Fall,50,6
FALL RGT 24.csv,Fall,50,6
FALL RGT 25.csv,Fall,50,6
FALL RGT 26.csv,Fall,50,6
FALL RGT 27.csv,Fall,50,6
FALL RGT 28.csv,Fall,50,6
FALL RGT 29.csv,Fall,50,6
FALL RGT 3.csv,Fall,50,6
FALL RGT 30.csv,Fall,50,6
FALL RGT 31.csv,Fall,50,6
FALL RGT 32.csv,Fall,50,6
FALL RGT 4.csv,Fall,50,6
FALL RGT 5.csv,Fall,50,6
FALL RGT 6.csv,Fall,50,6
FALL RGT 7.csv,Fall,50,6
FALL RGT 8.csv,Fall,50,6
FALL RGT 9.csv,Fall,50,6
FALL VRT 1.csv,Fall,50,6
FALL VRT 10.csv,Fall,50,6
FALL VRT 11.csv,Fall,50,6
FALL VRT 12.csv,Fall,50,6
FALL VRT 13.csv,Fall,50,6
FALL VRT 14.csv,Fall,50,6
FALL VRT 15.csv,Fall,50,6
FALL VRT 16.csv,Fall,50,6
FALL VRT 17.csv,Fall,50,6
FALL VRT 18.csv,Fall,50,6
FALL VRT 19.csv,Fall,50,6
FALL VRT 2.csv,Fall,50,6
FALL VRT 20.csv,Fall,50,6
FALL VRT 21.csv,Fall,50,6
FALL VRT 22.csv,Fall,50,6
FALL VRT 23.csv,Fall,50,6
FALL VRT 24.csv,Fall,50,6
FALL VRT 25.csv,Fall,50,6
FALL VRT 26.csv,Fall,50,6
FALL VRT 27.csv,Fall,50,6
FALL VRT 28.csv,Fall,50,6
FALL VRT 29.csv,Fall,50,6
FALL VRT 3.csv,Fall,50,6
FALL VRT 30.csv,Fall,50,6
FALL VRT 31.csv,Fall,50,6
FALL VRT 32.csv,Fall,50,6
FALL VRT 33.csv,Fall,50,6
FALL VRT 4.csv,Fall,50,6
FALL VRT 5.csv,Fall,50,6
FALL VRT 6.csv,Fall,50,6
FALL VRT 7.csv,Fall,50,6
FALL VRT 8.csv,Fall,50,6
FALL VRT 9.csv,Fall,50,6
jog 500.csv,Jogging,50,6
jog 501.csv,Jogging,50,6
jog 502.csv,Jogging,50,6
jog 503.csv,Jogging,50,6
jog 504.csv,Jogging,50,6
jog 505.csv,Jogging,50,6
jog 506.csv,Jogging,50,6
jog 507.csv,Jogging,50,6
jog 508.csv,Jogging,50,6
jog 509.csv,Jogging,50,6
jog 510.csv,Jogging,50,6
jog 511.csv,Jogging,50,6
jog 512.csv,Jogging,50,6
jog 513.csv,Jogging,50,6
jog 514.csv,Jogging,50,6
jog 515.csv,Jogging,50,6
jog 516.csv,Jogging,50,6
jog 517.csv,Jogging,50,6
jog 518.csv,Jogging,50,6
jog 519.csv,Jogging,50,6
jog 520.csv,Jogging,50,6
jog 521.csv,Jogging,50,6
jog 522.csv,Jogging,50,6
jog 523.csv,Jogging,50,6
jog 524.csv,Jogging,50,6
jog 525.csv,Jogging,50,6
jog 526.csv,Jogging,50,6
jog 527.csv,Jogging,50,6
jog 528.csv,Jogging,50,6
jog 529.csv,Jogging,50,6
jog 530.csv,Jogging,50,6
jog 531.csv,Jogging,50,6
jog 532.csv,Jogging,50,6
jog 533.csv,Jogging,50,6
jog 534.csv,Jogging,50,6
jog 535.csv,Jogging,50,6
jog 536.csv,Jogging,50,6
jog 537.csv,Jogging,50,6
jog 538.csv,Jogging,50,6
jog 539.csv,Jogging,50,6
jog 540.csv,Jogging,50,6
jog 541.csv,Jogging,50,6
jog 542.csv,Jogging,50,6
jog 543.csv,Jogging,50,6
jog 544.csv,Jogging,50,6
jog 545.csv,Jogging,50,6
jog 546.csv,Jogging,50,6
jog 547.csv,Jogging,50,6
jog 548.csv,Jogging,50,6
jog 549.csv,Jogging,50,6
jog 550.csv,Jogging,50,6
jog 551.csv,Jogging,50,6
jog 552.csv,Jogging,50,6
jog 553.csv,Jogging,50,6
jog 554.csv,Jogging,50,6
jog 555.csv,Jogging,50,6
jog 556.csv,Jogging,50,6
jog 557.csv,Jogging,50,6
jog 558.csv,Jogging,50,6
jog 559.csv,Jogging,50,6
jog 560.csv,Jogging,50,6
jog 561.csv,Jogging,50,6
jog 562.csv,Jogging,50,6
jog 563.csv,Jogging,50,6
jog 564.csv,Jogging,50,6
jog 565.csv,Jogging,50,6
jog 566.csv,Jogging,50,6
jog 567.csv,Jogging,50,6
jog 568.csv,Jogging,50,6
jog 569.csv,Jogging,50,6
jog 570.csv,Jogging,50,6
jog 571.csv,Jogging,50,6
jog 572.csv,Jogging,50,6
jog 573.csv,Jogging,50,6
jog 574.csv,Jogging,50,6
jog 575.csv,Jogging,50,6
jog 576.csv,Jogging,50,6
jog 577.csv,Jogging,50,6
jog 578.csv,Jogging,50,6
jog 579.csv,Jogging,50,6
jog 580.csv,Jogging,50,6
jog 581.csv,Jogging,50,6
jog 582.csv,Jogging,50,6
jog 583.csv,Jogging,50,6
jog 584.csv,Jogging,50,6
jog 585.csv,Jogging,50,6
jog 586.csv,Jogging,50,6
jog 587.csv,Jogging,50,6
jog 588.csv,Jogging,50,6
jog 589.csv,Jogging,50,6
jog 590.csv,Jogging,50,6
jog 591.csv,Jogging,50,6
jog 592.csv,Jogging,50,6
jog 593.csv,Jogging,50,6
jog 594.csv,Jogging,50,6
jog 595.csv,Jogging,50,6
jog 596.csv,Jogging,50,6
jog 597.csv,Jogging,50,6
jog 598.csv,Jogging,50,6
jog 599.csv,Jogging,50,6
jog 600.csv,Jogging,50,6
jog 601.csv,Jogging,50,6
jog 602.csv,Jogging,50,6
jog 603.csv,Jogging,50,6
jog 604.csv,Jogging,50,6
jog 605.csv,Jogging,50,6
jog 606.csv,Jogging,50,6
jog 607.csv,Jogging,50,6
jog 608.csv,Jogging,50,6
jog 609.csv,Jogging,50,6
jog 610.csv,Jogging,50,6
jog 611.csv,Jogging,50,6
jog 612.csv,Jogging,50,6
jog 613.csv,Jogging,50,6
jog 614.csv,Jogging,50,6
jog 615.csv,Jogging,50,6
jog 616.csv,Jogging,50,6
jog 617.csv,Jogging,50,6
jog 618.csv,Jogging,50,6
jog 619.csv,Jogging,50,6
jog 620.csv,Jogging,50,6
jog 621.csv,Jogging,50,6
jog 622.csv,Jogging,50,6
jog 623.csv,Jogging,50,6
jog 624.csv,Jogging,50,6
jog 625.csv,Jogging,50,6
jog 626.csv,Jogging,50,6
jog 627.csv,Jogging,50,6
jog 628.csv,Jogging,50,6
jog 629.csv,Jogging,50,6
jog 630.csv,Jogging,50,6
jog 631.csv,Jogging,50,6
jog 632.csv,Jogging,50,6
jog 633.csv,Jogging,50,6
jog 634.csv,Jogging,50,6
jog 635.csv,Jogging,50,6
jog 636.csv,Jogging,50,6
jog 637.csv,Jogging,50,6
jog 638.csv,Jogging,50,6
jog 639.csv,Jogging,50,6
jog 640.csv,Jogging,50,6
jog 641.csv,Jogging,50,6
jog 642.csv,Jogging,50,6
jog 643.csv,Jogging,50,6
jog 644.csv,Jogging,50,6
jog 645.csv,Jogging,50,6
jog 646.csv,Jogging,50,6
jog 647.csv,Jogging,50,6
jog 648.csv,Jogging,50,6
jog 649.csv,Jogging,50,6
LIE 1.csv,Lying,50,6
LIE 10.csv,Lying,50,6
LIE 100.csv,Lying,50,6
LIE 101.csv,Lying,50,6
LIE 102.csv,Lying,50,6
LIE 103.csv,Lying,50,6
LIE 104.csv,Lying,50,6
LIE 105.csv,Lying,50,6
LIE 106.csv,Lying,50,6
LIE 107.csv,Lying,50,6
LIE 108.csv,Lying,50,6
LIE 109.csv,Lying,50,6
LIE 11.csv,Lying,50,6
LIE 110.csv,Lying,50,6
LIE 111.csv,Lying,50,6
LIE 112.csv,Lying,50,6
LIE 113.csv,Lying,50,6
LIE 114.csv,Lying,50,6
LIE 115.csv,Lying,50,6
LIE 116.csv,Lying,50,6
LIE 117.csv,Lying,50,6
LIE 118.csv,Lying,50,6
LIE 119.csv,Lying,50,6
LIE 12.csv,Lying,50,6
LIE 120.csv,Lying,50,6
LIE 121.csv,Lying,50,6
LIE 122.csv,Lying,50,6
LIE 123.csv,Lying,50,6
LIE 124.csv,Lying,50,6
LIE 125.csv,Lying,50,6
LIE 13.csv,Lying,50,6
LIE 14.csv,Lying,50,6
LIE 15.csv,Lying,50,6
LIE 16.csv,Lying,50,6
LIE 17.csv,Lying,50,6
LIE 18.csv,Lying,50,6
LIE 19.csv,Lying,50,6
LIE 2.csv,Lying,50,6
LIE 20.csv,Lying,50,6
LIE 21.csv,Lying,50,6
LIE 22.csv,Lying,50,6
LIE 23.csv,Lying,50,6
LIE 24.csv,Lying,50,6
LIE 25.csv,Lying,50,6
LIE 26.csv,Lying,50,6
LIE 27.csv,Lying,50,6
LIE 28.csv,Lying,50,6
LIE 29.csv,Lying,50,6
LIE 3.csv,Lying,50,6
LIE 30.csv,Lying,50,6
LIE 31.csv,Lying,50,6
LIE 32.csv,Lying,50,6
LIE 33.csv,Lying,50,6
LIE 34.csv,Lying,50,6
LIE 35.csv,Lying,50,6
LIE 36.csv,Lying,50,6
LIE 37.csv,Lying,50,6
LIE 38.csv,Lying,50,6
LIE 39.csv,Lying,50,6
LIE 4.csv,Lying,50,6
LIE 40.csv,Lying,50,6
LIE 41.csv,Lying,50,6
LIE 42.csv,Lying,50,6
LIE 43.csv,Lying,50,6
LIE 44.csv,Lying,50,6
LIE 45.csv,Lying,50,6
LIE 46.csv,Lying,50,6
LIE 47.csv,Lying,50,6
LIE 48.csv,Lying,50,6
LIE 49.csv,Lying,50,6
LIE 5.csv,Lying,50,6
LIE 50.csv,Lying,50,6
LIE 51.csv,Lying,50,6
LIE 52.csv,Lying,50,6
LIE 53.csv,Lying,50,6
LIE 54.csv,Lying,50,6
LIE 55.csv,Lying,50,6
LIE 56.csv,Lying,50,6
LIE 57.csv,Lying,50,6
LIE 58.csv,Lying,50,6
LIE 59.csv,Lying,50,6
LIE 6.csv,Lying,50,6
LIE 60.csv,Lying,50,6
LIE 61.csv,Lying,50,6
LIE 62.csv,Lying,50,6
LIE 63.csv,Lying,50,6
LIE 64.csv,Lying,50,6
LIE 65.csv,Lying,50,6
LIE 66.csv,Lying,50,6
LIE 67.csv,Lying,50,6
LIE 68.csv,Lying,50,6
LIE 69.csv,Lying,50,6
LIE 7.csv,Lying,50,6
LIE 70.csv,Lying,50,6
LIE 71.csv,Lying,50,6
LIE 72.csv,Lying,50,6
LIE 73.csv,Lying,50,6
LIE 74.csv,Lying,50,6
LIE 75.csv,Lying,50,6
LIE 76.csv,Lying,50,6
LIE 77.csv,Lying,50,6
LIE 78.csv,Lying,50,6
LIE 79.csv,Lying,50,6
LIE 8.csv,Lying,50,6
LIE 80.csv,Lying,50,6
LIE 81.csv,Lying,50,6
LIE 82.csv,Lying,50,6
LIE 83.csv,Lying,50,6
LIE 84.csv,Lying,50,6
LIE 85.csv,Lying,50,6
LIE 86.csv,Lying,50,6
LIE 87.csv,Lying,50,6
LIE 88.csv,Lying,50,6
LIE 89.csv,Lying,50,6
LIE 9.csv,Lying,50,6
LIE 90.csv,Lying,50,6
LIE 91.csv,Lying,50,6
LIE 92.csv,Lying,50,6
LIE 93.csv,Lying,50,6
LIE 94.csv,Lying,50,6
LIE 95.csv,Lying,50,6
LIE 96.csv,Lying,50,6
LIE 97.csv,Lying,50,6
LIE 98.csv,Lying,50,6
LIE 99.csv,Lying,50,6
sit 1300.csv,Sitting,50,6
sit 1301.csv,Sitting,50,6
sit 1302.csv,Sitting,50,6
sit 1303.csv,Sitting,50,6
sit 1304.csv,Sitting,50,6
sit 1305.csv,Sitting,50,6
sit 1306.csv,Sitting,50,6
sit 1307.csv,Sitting,50,6
sit 1308.csv,Sitting,50,6
sit 1309.csv,Sitting,50,6
sit 1310.csv,Sitting,50,6
sit 1311.csv,Sitting,50,6
sit 1312.csv,Sitting,50,6
sit 1313.csv,Sitting,50,6
sit 1314.csv,Sitting,50,6
sit 1315.csv,Sitting,50,6
sit 1316.csv,Sitting,50,6
sit 1317.csv,Sitting,50,6
sit 1318.csv,Sitting,50,6
sit 1319.csv,Sitting,50,6
sit 1320.csv,Sitting,50,6
sit 1321.csv,Sitting,50,6
sit 1322.csv,Sitting,50,6
sit 1323.csv,Sitting,50,6
sit 1324.csv,Sitting,50,6
sit 1325.csv,Sitting,50,6
sit 1326.csv,Sitting,50,6
sit 1327.csv,Sitting,50,6
sit 1328.csv,Sitting,50,6
sit 1329.csv,Sitting,50,6
sit 1330.csv,Sitting,50,6
sit 1331.csv,Sitting,50,6
sit 1332.csv,Sitting,50,6
sit 1333.csv,Sitting,50,6
sit 1334.csv,Sitting,50,6
sit 1335.csv,Sitting,50,6
sit 1336.csv,Sitting,50,6
sit 1337.csv,Sitting,50,6
sit 1338.csv,Sitting,50,6
sit 1339.csv,Sitting,50,6
sit 1340.csv,Sitting,50,6
sit 1341.csv,Sitting,50,6
sit 1342.csv,Sitting,50,6
sit 1343.csv,Sitting,50,6
sit 1344.csv,Sitting,50,6
sit 1345.csv,Sitting,50,6
sit 1346.csv,Sitting,50,6
sit 1347.csv,Sitting,50,6
sit 1348.csv,Sitting,50,6
sit 1349.csv,Sitting,50,6
sit 1350.csv,Sitting,50,6
sit 1351.csv,Sitting,50,6
sit 1352.csv,Sitting,50,6
sit 1353.csv,Sitting,50,6
sit 1354.csv,Sitting,50,6
sit 1355.csv,Sitting,50,6
sit 1356.csv,Sitting,50,6
sit 1357.csv,Sitting,50,6
sit 1358.csv,Sitting,50,6
sit 1359.csv,Sitting,50,6
sit 1360.csv,Sitting,50,6
sit 1361.csv,Sitting,50,6
sit 1362.csv,Sitting,50,6
sit 1363.csv,Sitting,50,6
sit 1364.csv,Sitting,50,6
sit 1365.csv,Sitting,50,6
sit 1366.csv,Sitting,50,6
sit 1367.csv,Sitting,50,6
sit 1368.csv,Sitting,50,6
sit 1369.csv,Sitting,50,6
sit 1370.csv,Sitting,50,6
sit 1371.csv,Sitting,50,6
sit 1372.csv,Sitting,50,6
sit 1373.csv,Sitting,50,6
sit 1374.csv,Sitting,50,6
sit 1375.csv,Sitting,50,6
sit 1376.csv,Sitting,50,6
sit 1377.csv,Sitting,50,6
sit 1378.csv,Sitting,50,6
sit 1379.csv,Sitting,50,6
sit 1380.csv,Sitting,50,6
sit 1381.csv,Sitting,50,6
sit 1382.csv,Sitting,50,6
sit 1383.csv,Sitting,50,6
sit 1384.csv,Sitting,50,6
sit 1385.csv,Sitting,50,6
sit 1386.csv,Sitting,50,6
sit 1387.csv,Sitting,50,6
sit 1388.csv,Sitting,50,6
sit 1389.csv,Sitting,50,6
sit 1390.csv,Sitting,50,6
sit 1391.csv,Sitting,50,6
sit 1392.csv,Sitting,50,6
sit 1393.csv,Sitting,50,6
sit 1394.csv,Sitting,50,6
sit 1395.csv,Sitting,50,6
sit 1396.csv,Sitting,50,6
sit 1397.csv,Sitting,50,6
sit 1398.csv,Sitting,50,6
sit 1399.csv,Sitting,50,6
sit 1400.csv,Sitting,50,6
sit 1401.csv,Sitting,50,6
sit 1402.csv,Sitting,50,6
sit 1403.csv,Sitting,50,6
sit 1404.csv,Sitting,50,6
sit 1405.csv,Sitting,50,6
sit 1406.csv,Sitting,50,6
sit 1407.csv,Sitting,50,6
sit 1408.csv,Sitting,50,6
sit 1409.csv,Sitting,50,6
sit 1410.csv,Sitting,50,6
sit 1411.csv,Sitting,50,6
sit 1412.csv,Sitting,50,6
sit 1413.csv,Sitting,50,6
sit 1414.csv,Sitting,50,6
sit 1415.csv,Sitting,50,6
sit 1416.csv,Sitting,50,6
sit 1417.csv,Sitting,50,6
sit 1418.csv,Sitting,50,6
sit 1419.csv,Sitting,50,6
sit 1420.csv,Sitting,50,6
sit 1421.csv,Sitting,50,6
sit 1422.csv,Sitting,50,6
sit 1423.csv,Sitting,50,6
sit 1424.csv,Sitting,50,6
sit 1425.csv,Sitting,50,6
sit 1426.csv,Sitting,50,6
sit 1427.csv,Sitting,50,6
sit 1428.csv,Sitting,50,6
sit 1429.csv,Sitting,50,6
sit 1430.csv,Sitting,50,6
sit 1431.csv,Sitting,50,6
sit 1432.csv,Sitting,50,6
sit 1433.csv,Sitting,50,6
sit 1434.csv,Sitting,50,6
sit 1435.csv,Sitting,50,6
sit 1436.csv,Sitting,50,6
sit 1437.csv,Sitting,50,6
sit 1438.csv,Sitting,50,6
sit 1439.csv,Sitting,50,6
sit 1440.csv,Sitting,50,6
sit 1441.csv,Sitting,50,6
sit 1442.csv,Sitting,50,6
sit 1443.csv,Sitting,50,6
sit 1444.csv,Sitting,50,6
sit 1445.csv,Sitting,50,6
sit 1446.csv,Sitting,50,6
sit 1447.csv,Sitting,50,6
sit 1448.csv,Sitting,50,6
sit 1449.csv,Sitting,50,6
std 1600.csv,Standing,50,6
std 1601.csv,Standing,50,6
std 1602.csv,Standing,50,6
std 1603.csv,Standing,50,6
std 1604.csv,Standing,50,6
std 1605.csv,Standing,50,6
std 1606.csv,Standing,50,6
std 1607.csv,Standing,50,6
std 1608.csv,Standing,50,6
std 1609.csv,Standing,50,6
std 1610.csv,Standing,50,6
std 1611.csv,Standing,50,6
std 1612.csv,Standing,50,6
std 1613.csv,Standing,50,6
std 1614.csv,Standing,50,6
std 1615.csv,Standing,50,6
std 1616.csv,Standing,50,6
std 1617.csv,Standing,50,6
std 1618.csv,Standing,50,6
std 1619.csv,Standing,50,6
std 1620.csv,Standing,50,6
std 1621.csv,Standing,50,6
std 1622.csv,Standing,50,6
std 1623.csv,Standing,50,6
std 1624.csv,Standing,50,6
std 1625.csv,Standing,50,6
std 1626.csv,Standing,50,6
std 1627.csv,Standing,50,6
std 1628.csv,Standing,50,6
std 1629.csv,Standing,50,6
std 1630.csv,Standing,50,6
std 1631.csv,Standing,50,6
std 1632.csv,Standing,50,6
std 1633.csv,Standing,50,6
std 1634.csv,Standing,50,6
std 1635.csv,Standing,50,6
std 1636.csv,Standing,50,6
std 1637.csv,Standing,50,6
std 1638.csv,Standing,50,6
std 1639.csv,Standing,50,6
std 1640.csv,Standing,50,6
std 1641.csv,Standing,50,6
std 1642.csv,Standing,50,6
std 1643.csv,Standing,50,6
std 1644.csv,Standing,50,6
std 1645.csv,Standing,50,6
std 1646.csv,Standing,50,6
std 1647.csv,Standing,50,6
std 1648.csv,Standing,50,6
std 1649.csv,Standing,50,6
std 1650.csv,Standing,50,6
std 1651.csv,Standing,50,6
std 1652.csv,Standing,50,6
std 1653.csv,Standing,50,6
std 1654.csv,Standing,50,6
std 1655.csv,Standing,50,6
std 1656.csv,Standing,50,6
std 1657.csv,Standing,50,6
std 1658.csv,Standing,50,6
std 1659.csv,Standing,50,6
std 1660.csv,Standing,50,6
std 1661.csv,Standing,50,6
std 1662.csv,Standing,50,6
std 1663.csv,Standing,50,6
std 1664.csv,Standing,50,6
std 1665.csv,Standing,50,6
std 1666.csv,Standing,50,6
std 1667.csv,Standing,50,6
std 1668.csv,Standing,50,6
std 1669.csv,Standing,50,6
std 1670.csv,Standing,50,6
std 1671.csv,Standing,50,6
std 1672.csv,Standing,50,6
std 1673.csv,Standing,50,6
std 1674.csv,Standing,50,6
std 1675.csv,Standing,50,6
std 1676.csv,Standing,50,6
std 1677.csv,Standing,50,6
std 1678.csv,Standing,50,6
std 1679.csv,Standing,50,6
std 1680.csv,Standing,50,6
std 1681.csv,Standing,50,6
std 1682.csv,Standing,50,6
std 1683.csv,Standing,50,6
std 1684.csv,Standing,50,6
std 1685.csv,Standing,50,6
std 1686.csv,Standing,50,6
std 1687.csv,Standing,50,6
std 1688.csv,Standing,50,6
std 1689.csv,Standing,50,6
std 1690.csv,Standing,50,6
std 1691.csv,Standing,50,6
std 1692.csv,Standing,50,6
std 1693.csv,Standing,50,6
std 1694.csv,Standing,50,6
std 1695.csv,Standing,50,6
std 1696.csv,Standing,50,6
std 1697.csv,Standing,50,6
std 1698.csv,Standing,50,6
std 1699.csv,Standing,50,6
std 1700.csv,Standing,50,6
std 1701.csv,Standing,50,6
std 1702.csv,Standing,50,6
std 1703.csv,Standing,50,6
std 1704.csv,Standing,50,6
std 1705.csv,Standing,50,6
std 1706.csv,Standing,50,6
std 1707.csv,Standing,50,6
std 1708.csv,Standing,50,6
std 1709.csv,Standing,50,6
std 1710.csv,Standing,50,6
std 1711.csv,Standing,50,6
std 1712.csv,Standing,50,6
std 1713.csv,Standing,50,6
std 1714.csv,Standing,50,6
std 1715.csv,Standing,50,6
std 1716.csv,Standing,50,6
std 1717.csv,Standing,50,6
std 1718.csv,Standing,50,6
std 1719.csv,Standing,50,6
std 1720.csv,Standing,50,6
std 1721.csv,Standing,50,6
std 1722.csv,Standing,50,6
std 1723.csv,Standing,50,6
std 1724.csv,Standing,50,6
std 1725.csv,Standing,50,6
std 1726.csv,Standing,50,6
std 1727.csv,Standing,50,6
std 1728.csv,Standing,50,6
std 1729.csv,Standing,50,6
std 1730.csv,Standing,50,6
std 1731.csv,Standing,50,6
std 1732.csv,Standing,50,6
std 1733.csv,Standing,50,6
std 1734.csv,Standing,50,6
std 1735.csv,Standing,50,6
std 1736.csv,Standing,50,6
std 1737.csv,Standing,50,6
std 1738.csv,Standing,50,6
std 1739.csv,Standing,50,6
std 1740.csv,Standing,50,6
std 1741.csv,Standing,50,6
std 1742.csv,Standing,50,6
std 1743.csv,Standing,50,6
std 1744.csv,Standing,50,6
std 1745.csv,Standing,50,6
std 1746.csv,Standing,50,6
std 1747.csv,Standing,50,6
std 1748.csv,Standing,50,6
std 1749.csv,Standing,50,6
ups 400.csv,Upstairs,50,6
ups 401.csv,Upstairs,50,6
ups 402.csv,Upstairs,50,6
ups 403.csv,Upstairs,50,6
ups 404.csv,Upstairs,50,6
ups 405.csv,Upstairs,50,6
ups 406.csv,Upstairs,50,6
ups 407.csv,Upstairs,50,6
ups 408.csv,Upstairs,50,6
ups 409.csv,Upstairs,50,6
ups 410.csv,Upstairs,50,6
ups 411.csv,Upstairs,50,6
ups 412.csv,Upstairs,50,6
ups 413.csv,Upstairs,50,6
ups 414.csv,Upstairs,50,6
ups 415.csv,Upstairs,50,6
ups 416.csv,Upstairs,50,6
ups 417.csv,Upstairs,50,6
ups 418.csv,Upstairs,50,6
ups 419.csv,Upstairs,50,6
ups 420.csv,Upstairs,50,6
ups 421.csv,Upstairs,50,6
ups 422.csv,Upstairs,50,6
ups 423.csv,Upstairs,50,6
ups 424.csv,Upstairs,50,6
ups 425.csv,Upstairs,50,6
ups 426.csv,Upstairs,50,6
ups 427.csv,Upstairs,50,6
ups 428.csv,Upstairs,50,6
ups 429.csv,Upstairs,50,6
ups 430.csv,Upstairs,50,6
ups 431.csv,Upstairs,50,6
ups 432.csv,Upstairs,50,6
ups 433.csv,Upstairs,50,6
ups 434.csv,Upstairs,50,6
ups 435.csv,Upstairs,50,6
ups 436.csv,Upstairs,50,6
ups 437.csv,Upstairs,50,6
ups 438.csv,Upstairs,50,6
ups 439.csv,Upstairs,50,6
ups 440.csv,Upstairs,50,6
ups 441.csv,Upstairs,50,6
ups 442.csv,Upstairs,50,6
ups 443.csv,Upstairs,50,6
ups 444.csv,Upstairs,50,6
ups 445.csv,Upstairs,50,6
ups 446.csv,Upstairs,50,6
ups 447.csv,Upstairs,50,6
ups 448.csv,Upstairs,50,6
ups 449.csv,Upstairs,50,6
ups 450.csv,Upstairs,50,6
ups 451.csv,Upstairs,50,6
ups 452.csv,Upstairs,50,6
ups 453.csv,Upstairs,50,6
ups 454.csv,Upstairs,50,6
ups 455.csv,Upstairs,50,6
ups 456.csv,Upstairs,50,6
ups 457.csv,Upstairs,50,6
ups 458.csv,Upstairs,50,6
ups 459.csv,Upstairs,50,6
ups 460.csv,Upstairs,50,6
ups 461.csv,Upstairs,50,6
ups 462.csv,Upstairs,50,6
ups 463.csv,Upstairs,50,6
ups 464.csv,Upstairs,50,6
ups 465.csv,Upstairs,50,6
ups 466.csv,Upstairs,50,6
ups 467.csv,Upstairs,50,6
ups 468.csv,Upstairs,50,6
ups 469.csv,Upstairs,50,6
ups 470.csv,Upstairs,50,6
ups 471.csv,Upstairs,50,6
ups 472.csv,Upstairs,50,6
ups 473.csv,Upstairs,50,6
ups 474.csv,Upstairs,50,6
ups 475.csv,Upstairs,50,6
ups 476.csv,Upstairs,50,6
ups 477.csv,Upstairs,50,6
ups 478.csv,Upstairs,50,6
ups 479.csv,Upstairs,50,6
ups 480.csv,Upstairs,50,6
ups 481.csv,Upstairs,50,6
ups 482.csv,Upstairs,50,6
ups 483.csv,Upstairs,50,6
ups 484.csv,Upstairs,50,6
ups 485.csv,Upstairs,50,6
ups 486.csv,Upstairs,50,6
ups 487.csv,Upstairs,50,6
ups 488.csv,Upstairs,50,6
ups 489.csv,Upstairs,50,6
ups 490.csv,Upstairs,50,6
ups 491.csv,Upstairs,50,6
ups 492.csv,Upstairs,50,6
ups 493.csv,Upstairs,50,6
ups 494.csv,Upstairs,50,6
ups 495.csv,Upstairs,50,6
ups 496.csv,Upstairs,50,6
ups 497.csv,Upstairs,50,6
ups 498.csv,Upstairs,50,6
ups 499.csv,Upstairs,50,6
ups 500.csv,Upstairs,50,6
ups 501.csv,Upstairs,50,6
ups 502.csv,Upstairs,50,6
ups 503.csv,Upstairs,50,6
ups 504.csv,Upstairs,50,6
ups 505.csv,Upstairs,50,6
ups 506.csv,Upstairs,50,6
ups 507.csv,Upstairs,50,6
ups 508.csv,Upstairs,50,6
ups 509.csv,Upstairs,50,6
ups 510.csv,Upstairs,50,6
ups 511.csv,Upstairs,50,6
ups 512.csv,Upstairs,50,6
ups 513.csv,Upstairs,50,6
ups 514.csv,Upstairs,50,6
ups 515.csv,Upstairs,50,6
ups 516.csv,Upstairs,50,6
ups 517.csv,Upstairs,50,6
ups 518.csv,Upstairs,50,6
ups 519.csv,Upstairs,50,6
ups 520.csv,Upstairs,50,6
ups 521.csv,Upstairs,50,6
ups 522.csv,Upstairs,50,6
ups 523.csv,Upstairs,50,6
ups 524.csv,Upstairs,50,6
ups 525.csv,Upstairs,50,6
ups 526.csv,Upstairs,50,6
ups 527.csv,Upstairs,50,6
ups 528.csv,Upstairs,50,6
ups 529.csv,Upstairs,50,6
ups 530.csv,Upstairs,50,6
ups 531.csv,Upstairs,50,6
ups 532.csv,Upstairs,50,6
ups 533.csv,Upstairs,50,6
ups 534.csv,Upstairs,50,6
ups 535.csv,Upstairs,50,6
ups 536.csv,Upstairs,50,6
ups 537.csv,Upstairs,50,6
ups 538.csv,Upstairs,50,6
ups 539.csv,Upstairs,50,6
ups 540.csv,Upstairs,50,6
ups 541.csv,Upstairs,50,6
ups 542.csv,Upstairs,50,6
ups 543.csv,Upstairs,50,6
ups 544.csv,Upstairs,50,6
ups 545.csv,Upstairs,50,6
ups 546.csv,Upstairs,50,6
ups 547.csv,Upstairs,50,6
ups 548.csv,Upstairs,50,6
ups 549.csv,Upstairs,50,6
wlk 800.csv,Walking,50,6
wlk 801.csv,Walking,50,6
wlk 802.csv,Walking,50,6
wlk 803.csv,Walking,50,6
wlk 804.csv,Walking,50,6
wlk 805.csv,Walking,50,6
wlk 806.csv,Walking,50,6
wlk 807.csv,Walking,50,6
wlk 808.csv,Walking,50,6
wlk 809.csv,Walking,50,6
wlk 810.csv,Walking,50,6
wlk 811.csv,Walking,50,6
wlk 812.csv,Walking,50,6
wlk 813.csv,Walking,50,6
wlk 814.csv,Walking,50,6
wlk 815.csv,Walking,50,6
wlk 816.csv,Walking,50,6
wlk 817.csv,Walking,50,6
wlk 818.csv,Walking,50,6
wlk 819.csv,Walking,50,6
wlk 820.csv,Walking,50,6
wlk 821.csv,Walking,50,6
wlk 822.csv,Walking,50,6
wlk 823.csv,Walking,50,6
wlk 824.csv,Walking,50,6
wlk 825.csv,Walking,50,6
wlk 826.csv,Walking,50,6
wlk 827.csv,Walking,50,6
wlk 828.csv,Walking,50,6
wlk 829.csv,Walking,50,6
wlk 830.csv,Walking,50,6
wlk 831.csv,Walking,50,6
wlk 832.csv,Walking,50,6
wlk 833.csv,Walking,50,6
wlk 834.csv,Walking,50,6
wlk 835.csv,Walking,50,6
wlk 836.csv,Walking,50,6
wlk 837.csv,Walking,50,6
wlk 838.csv,Walking,50,6
wlk 839.csv,Walking,50,6
wlk 840.csv,Walking,50,6
wlk 841.csv,Walking,50,6
wlk 842.csv,Walking,50,6
wlk 843.csv,Walking,50,6
wlk 844.csv,Walking,50,6
wlk 845.csv,Walking,50,6
wlk 846.csv,Walking,50,6
wlk 847.csv,Walking,50,6
wlk 848.csv,Walking,50,6
wlk 849.csv,Walking,50,6
wlk 850.csv,Walking,50,6
wlk 851.csv,Walking,50,6
wlk 852.csv,Walking,50,6
wlk 853.csv,Walking,50,6
wlk 854.csv,Walking,50,6
wlk 855.csv,Walking,50,6
wlk 856.csv,Walking,50,6
wlk 857.csv,Walking,50,6
wlk 858.csv,Walking,50,6
wlk 859.csv,Walking,50,6
wlk 860.csv,Walking,50,6
wlk 861.csv,Walking,50,6
wlk 862.csv,Walking,50,6
wlk 863.csv,Walking,50,6
wlk 864.csv,Walking,50,6
wlk 865.csv,Walking,50,6
wlk 866.csv,Walking,50,6
wlk 867.csv,Walking,50,6
wlk 868.csv,Walking,50,6
wlk 869.csv,Walking,50,6
wlk 870.csv,Walking,50,6
wlk 871.csv,Walking,50,6
wlk 872.csv,Walking,50,6
wlk 873.csv,Walking,50,6
wlk 874.csv,Walking,50,6
wlk 875.csv,Walking,50,6
wlk 876.csv,Walking,50,6
wlk 877.csv,Walking,50,6
wlk 878.csv,Walking,50,6
wlk 879.csv,Walking,50,6
wlk 880.csv,Walking,50,6
wlk 881.csv,Walking,50,6
wlk 882.csv,Walking,50,6
wlk 883.csv,Walking,50,6
wlk 884.csv,Walking,50,6
wlk 885.csv,Walking,50,6
wlk 886.csv,Walking,50,6
wlk 887.csv,Walking,50,6
wlk 888.csv,Walking,50,6
wlk 889.csv,Walking,50,6
wlk 890.csv,Walking,50,6
wlk 891.csv,Walking,50,6
wlk 892.csv,Walking,50,6
wlk 893.csv,Walking,50,6
wlk 894.csv,Walking,50,6
wlk 895.csv,Walking,50,6
wlk 896.csv,Walking,50,6
wlk 897.csv,Walking,50,6
wlk 898.csv,Walking,50,6
wlk 899.csv,Walking,50,6
wlk 900.csv,Walking,50,6
wlk 901.csv,Walking,50,6
wlk 902.csv,Walking,50,6
wlk 903.csv,Walking,50,6
wlk 904.csv,Walking,50,6
wlk 905.csv,Walking,50,6
wlk 906.csv,Walking,50,6
wlk 907.csv,Walking,50,6
wlk 908.csv,Walking,50,6
wlk 909.csv,Walking,50,6
wlk 910.csv,Walking,50,6
wlk 911.csv,Walking,50,6
wlk 912.csv,Walking,50,6
wlk 913.csv,Walking,50,6
wlk 914.csv,Walking,50,6
wlk 915.csv,Walking,50,6
wlk 916.csv,Walking,50,6
wlk 917.csv,Walking,50,6
wlk 918.csv,Walking,50,6
wlk 919.csv,Walking,50,6
wlk 920.csv,Walking,50,6
wlk 921.csv,Walking,50,6
wlk 922.csv,Walking,50,6
wlk 923.csv,Walking,50,6
wlk 924.csv,Walking,50,6
wlk 925.csv,Walking,50,6
wlk 926.csv,Walking,50,6
wlk 927.csv,Walking,50,6
wlk 928.csv,Walking,50,6
wlk 929.csv,Walking,50,6
wlk 930.csv,Walking,50,6
wlk 931.csv,Walking,50,6
wlk 932.csv,Walking,50,6
wlk 933.csv,Walking,50,6
wlk 934.csv,Walking,50,6
wlk 935.csv,Walking,50,6
wlk 936.csv,Walking,50,6
wlk 937.csv,Walking,50,6
wlk 938.csv,Walking,50,6
wlk 939.csv,Walking,50,6
wlk 940.csv,Walking,50,6
wlk 941.csv,Walking,50,6
wlk 942.csv,Walking,50,6
wlk 943.csv,Walking,50,6
wlk 944.csv,Walking,50,6
wlk 945.csv,Walking,50,6
wlk 946.csv,Walking,50,6
wlk 947.csv,Walking,50,6
wlk 948.csv,Walking,50,6
wlk 949.csv,Walking,50,6
